{
  "Recall@20": 0.6815642458100558,
  "MRR@20": 0.141597027968428,
  "num_examples": 358
}