{
  "Recall@20": 0.6312056737588653,
  "MRR@20": 0.14455111511051655,
  "num_examples": 282
}